model,phenomenon,layer,n,adj_r2_cos,adj_r2_cos_frob,delta_adj_r2,beta_z_frob,p_z_frob,p_z_frob_q
roberta-base,negation,4,1500,0.0076171635737675,0.0450500158620723,0.0374328522883048,3.4025213132677337,2.071598934863432e-14,3.905161893458078e-13
roberta-base,negation,3,1500,0.0059528623420719,0.0432101108337724,0.0372572484917005,2.414542467726556,2.5033089060628704e-14,3.905161893458078e-13
gpt2,role_reversal,5,1500,0.0639481815317866,0.1010802045780572,0.0371320230462706,0.4800102129740192,4.444748719219929e-15,1.7334520004957726e-13
roberta-base,role_reversal,11,1500,0.1146988178258422,0.1499254522936027,0.0352266344677605,6.333486775017676,4.0368008817658536e-15,1.7334520004957726e-13
gpt2,role_reversal,11,1500,0.0921850565495828,0.1266211878976127,0.0344361313480299,0.5666448053575909,1.7512222696027713e-14,3.905161893458078e-13
roberta-base,negation,6,1500,0.0073915274748728,0.0412917086883838,0.033900181213511,4.360192998753938,3.452205743390792e-13,3.846743542635453e-12
roberta-base,negation,5,1500,0.0067410587843541,0.0401432802678493,0.0334022214834951,3.940020464515345,5.21491952949266e-13,5.084546541255343e-12
roberta-base,role_reversal,12,1500,0.1271459637163509,0.1589750772506626,0.0318291135343117,2.894171061038056,5.575258425894872e-14,7.247835953663335e-13
gpt2,negation,0,1500,0.0132623241059304,0.0432242111946495,0.0299618870887191,0.5345476958802152,6.806061839473528e-12,5.308728234789352e-11
roberta-base,role_reversal,9,1500,0.1452862574222126,0.1737029736112676,0.0284167161890549,4.86509020396759,7.044415269175037e-13,6.105159899951697e-12
roberta-base,negation,0,1500,0.0141456726087861,0.0410535945545581,0.0269079219457719,0.8533518887536736,7.603254545085182e-11,4.561952727051109e-10
gpt2,role_reversal,6,1500,0.07638771705487,0.1027236323805044,0.0263359153256343,0.4057759821487546,2.915320790126432e-11,2.0672274693623787e-10
roberta-base,negation,2,1500,0.0083775508556609,0.0337774391667844,0.0253998883111234,1.5697689180443446,2.8438591052703897e-10,1.584435787222074e-09
gpt2,role_reversal,8,1500,0.0832789361054059,0.1086542114425,0.0253752753370941,0.4461178158844517,5.6123072765447237e-11,3.647999729754071e-10
gpt2,role_reversal,4,1500,0.056384630255073,0.0782996108475536,0.0219149805924806,0.3641813371578455,1.8574716318457e-09,8.52251689905674e-09
gpt2,role_reversal,7,1500,0.0860497998986038,0.1074073462117385,0.0213575463131346,0.3891343523910463,1.6590179006839296e-09,8.087712265834157e-09
bert-base-uncased,role_reversal,4,1500,0.1063441531373712,0.1274391950348854,0.0210950418975142,0.4572431637503318,1.3773897908245455e-09,7.1624269122876384e-09
bert-base-uncased,negation,0,1500,0.0167515211346243,0.0368022809804983,0.020050759845874,0.561387009389488,1.7170666902469088e-08,6.696560091962945e-08
gpt2,role_reversal,10,1500,0.0874605838938289,0.107330623809049,0.01987003991522,0.4180069629544803,5.799534885646123e-09,2.5131317837799868e-08
gpt2,negation,12,1500,0.0110789878022354,0.0306682355327911,0.0195892477305557,-1.5233933145929988,2.7158704211332844e-08,1.0087518707066485e-07
bert-base-uncased,negation,3,1500,0.0080609569356449,0.0274788734494705,0.0194179165138256,0.4977931868945753,3.2614378711550925e-08,1.156327972500442e-07
roberta-base,role_reversal,10,1500,0.1320184618707056,0.1506406991605942,0.0186222372898885,4.63216519525381,7.455157404297521e-09,3.0605383028168764e-08
roberta-base,negation,1,1500,0.0183849303248537,0.0356809176760809,0.0172959873512271,1.0410907767084518,1.5173912136349069e-07,4.931521444313447e-07
gpt2,role_reversal,9,1500,0.0953239135354405,0.112052304790054,0.0167283912546134,0.3684647678128934,7.649346369918044e-08,2.594126160233076e-07
bert-base-uncased,negation,2,1500,0.0089828381028518,0.0237961971812196,0.0148133590783677,0.4551220522578914,1.244458965284927e-06,3.882711971688973e-06
bert-base-uncased,negation,1,1500,0.0189083935939041,0.0322441295405508,0.0133357359466467,0.4524179602550686,3.626009332552189e-06,1.0475138071817436e-05
bert-base-uncased,negation,4,1500,0.008849249645491,0.0218420880305341,0.012992838385043,0.5195802651597647,5.315657945783781e-06,1.4297286888659824e-05
bert-base-uncased,role_reversal,2,1500,0.0611532816725645,0.0735630591301487,0.0124097774575842,0.4110729364302351,4.875654517299778e-06,1.3582180441049382e-05
roberta-base,role_reversal,8,1500,0.1467292975035683,0.1588640002697295,0.0121347027661612,3.3076137229970866,2.2070645107471604e-06,6.6211935322414815e-06
bert-base-uncased,role_reversal,3,1500,0.071723061465737,0.0838350327862302,0.0121119713204932,0.3317059267893372,5.578577198921798e-06,1.4504300717196675e-05
roberta-base,negation,7,1500,0.0074104559798769,0.0186481133413681,0.0112376573614911,2.7746681678344416,2.190661386397236e-05,5.177926913302558e-05
gpt2,role_reversal,3,1500,0.0524933211974605,0.0634429125145397,0.0109495913170791,0.2306977753764258,1.818355051930325e-05,4.432240439080168e-05
roberta-base,role_reversal,3,1500,0.1058283797757309,0.116599919476603,0.0107715397008721,1.322305684206062,1.2326838043544569e-05,3.101591507730569e-05
bert-base-uncased,negation,5,1500,0.0074860948279742,0.0177452275999077,0.0102591327719334,0.6265063618387513,4.7945801550011785e-05,0.0001068506434543
roberta-base,negation,12,1500,0.0058158247996553,0.0158474772234961,0.0100316524238407,1.1711226428918902,5.83353012649891e-05,0.0001263931527408
bert-base-uncased,role_reversal,5,1500,0.1290431153081209,0.1380587211066357,0.0090156057985147,0.4239295734941176,4.738147400500006e-05,0.0001068506434543
roberta-base,role_reversal,4,1500,0.1056757494073057,0.1130279367045972,0.0073521872972914,1.3987996183689395,0.0002603156711746,0.0005487735770709
bert-base-uncased,negation,10,1500,0.0091110968844719,0.0164152215434101,0.0073041246589381,-1.0054077508281636,0.0005161145117761,0.0010322290235522
gpt2,negation,9,1500,0.0134355142134567,0.0204610514619142,0.0070255372484574,0.2801463173143439,0.0006317333602208,0.0011732190975529
gpt2,role_reversal,1,1500,0.0556183173230382,0.0624697064171788,0.0068513890941406,0.5471729229987851,0.0005670048761235,0.001105659508441
gpt2,negation,10,1500,0.0122926368020949,0.018887873153249,0.0065952363511541,0.2748230462504453,0.0009052134588928,0.0016420151114799
gpt2,negation,11,1500,0.0130117294700291,0.0194908720980178,0.0064791426279886,0.2435069094463947,0.0009920150293234,0.001758572097437
bert-base-uncased,role_reversal,7,1500,0.143926244267195,0.1502503021840909,0.0063240579168959,0.4061117322023937,0.0005094898094766,0.0010322290235522
gpt2,negation,1,1500,0.0104744539722118,0.0165527183176806,0.0060782643454688,0.2323413317327734,0.0013985035501258,0.0023713755849959
bert-base-uncased,role_reversal,12,1500,0.0822198406544064,0.0881049763508294,0.005885135696423,0.5755174283840193,0.0011226729559672,0.0019459664570099
gpt2,role_reversal,12,1500,0.1897947991925421,0.1955781413117151,0.0057833421191729,-0.3885801365528872,0.0006231523829746,0.0011732190975529
gpt2,negation,2,1500,0.0061241929435229,0.0117730155322143,0.0056488225886913,0.1335969780873263,0.0020349395701643,0.0033067768015171
gpt2,role_reversal,0,1500,0.0590290921859137,0.0645337945626985,0.0055047023767847,0.3712431950124021,0.0017758829925766,0.0029472100727867
gpt2,role_reversal,2,1500,0.0539512550904884,0.0592903602341496,0.0053391051436612,0.166604477335912,0.0021028071402106,0.0033473256517638
bert-base-uncased,role_reversal,6,1500,0.1419647313455335,0.1465527583984455,0.0045880270529119,0.3345764474627792,0.002682035937754,0.0041839760628963
roberta-base,role_reversal,7,1500,0.1510930812176397,0.1547347829492363,0.0036417017315966,1.6183876613950452,0.0064347526605183,0.0098413864219691
bert-base-uncased,negation,12,1500,0.0113174994966597,0.0149375762001267,0.0036200767034669,-0.8469273993339522,0.0109002300441905,0.0163503450662857
bert-base-uncased,role_reversal,8,1500,0.1456226973288623,0.1482334922983427,0.0026107949694803,0.3221234887833112,0.0182374255191506,0.0268399847262971
bert-base-uncased,role_reversal,1,1500,0.0596778730388976,0.0620093986115247,0.0023315255726271,0.2292283899592896,0.0299956518380432,0.0433270526549513
bert-base-uncased,negation,11,1500,0.0161442307485704,0.0181984105941023,0.0020541798455319,-0.6561530920010908,0.0423054646752857,0.0599968408122234
roberta-base,negation,8,1500,0.0077948531347317,0.0094730240075125,0.0016781708727808,1.3563989974944102,0.0602968202269279,0.0825114382052698
roberta-base,role_reversal,6,1500,0.1439245393304464,0.1455343487420235,0.001609809411577,1.1427862741365686,0.0508771144984181,0.0708645523370824
gpt2,negation,5,1500,0.0101777149987697,0.0117651551479385,0.0015874401491687,-0.1250967672069559,0.0652723822042944,0.0862923018972028
bert-base-uncased,role_reversal,10,1500,0.0956822238339093,0.097144018211648,0.0014617943777387,0.2667016986169676,0.0645247648179943,0.0862923018972028
roberta-base,role_reversal,1,1500,0.0778478389887125,0.079298193267656,0.0014503542789435,0.3764090486760329,0.067134790029829,0.0872752270387777
roberta-base,role_reversal,5,1500,0.1306134356247377,0.1316868874788156,0.0010734518540779,0.7872346980255928,0.0916149326049415,0.1171469630030399
roberta-base,role_reversal,2,1500,0.1020191948065729,0.1029714109564151,0.0009522161498421,0.40326549325089,0.1078847838577769,0.1357260184017193
bert-base-uncased,negation,6,1500,0.0092750773375028,0.0102132376983582,0.0009381603608553,0.2617400927858276,0.1201619391711784,0.1487719246881256
bert-base-uncased,negation,8,1500,0.0062660412324192,0.0067252800134904,0.0004592387810712,0.2879515372750963,0.1935810371330757,0.235926889005936
roberta-base,negation,11,1500,0.0059750141084726,0.0063103252191153,0.0003353111106426,0.8787374231562433,0.220125758424884,0.2641509101098608
bert-base-uncased,negation,7,1500,0.0070776771285072,0.0073641775322753,0.000286500403768,0.2208168208918227,0.2316631752956782,0.2737837526221651
gpt2,negation,7,1500,0.0123230909963282,0.0125007763395771,0.0001776853432489,0.0848417921471859,0.2601009412492608,0.3028040808573485
bert-base-uncased,role_reversal,9,1500,0.1332809386125432,0.1333935475599433,0.0001126089474001,0.1385699681308894,0.2746211207491304,0.3150065796828261
gpt2,negation,8,1500,0.0129174197132235,0.012949358495899,3.193878267548911e-05,0.075519074564898,0.3060398426667743,0.3451600594071375
roberta-base,role_reversal,0,1500,0.0539931921788858,0.0540136828719332,2.049069304732587e-05,0.0910591238113422,0.3097590276730722,0.3451600594071375
